t	y	dy	ddy
0.000000000000000000e+00	0.000000000000000000e+00	0.000000000000000000e+00	3.320000000000000173e-01
9.524931511151788854e-05	3.012047433698792789e-09	3.162277261702394388e-05	3.319999999999523888e-01
1.904986302230357771e-04	9.036142301095514377e-09	6.324554523403426746e-05	3.319999999998095030e-01
1.019049863022303444e-02	1.724149158113467132e-05	3.383245473642677165e-03	3.319999856818720563e-01
2.019049863022303465e-02	6.767394487300972287e-05	6.703244978062376444e-03	3.319999152020741695e-01
3.019049863022303312e-02	1.513063872476957201e-04	1.002324322131520340e-02	3.319997334485113583e-01
3.202643313182779866e-02	1.702679337441400471e-04	1.063277294149441235e-02	3.319996844462347885e-01
3.386236763343256073e-02	1.903485366696831545e-04	1.124230256624737627e-02	3.319996294946295778e-01
3.569830213503732280e-02	2.115481959648288245e-04	1.185183208433843345e-02	3.319995682526494796e-01
4.569830213503732474e-02	3.466664840463801580e-04	1.517182545027890087e-02	3.319991049354667489e-01
5.569830213503731975e-02	5.149846770133127217e-04	1.849181292379506805e-02	3.319983897678449036e-01
6.569830213503731475e-02	7.165027015642041293e-04	2.181179171083411084e-02	3.319973676400985729e-01
7.569830213503730976e-02	9.512204538273534267e-04	2.513175846625433085e-02	3.319959834441336688e-01
8.569830213503730476e-02	1.219137794005498848e-03	2.845170929384403108e-02	3.319941820740566207e-01
9.569830213503729976e-02	1.520254540584037349e-03	3.177163974634714116e-02	3.319919084268868614e-01
1.056983021350372948e-01	1.854570464820746610e-03	3.509154482549640963e-02	3.319891074033686218e-01
1.156983021350372898e-01	2.222085285235882168e-03	3.841141898205521071e-02	3.319857239088836454e-01
1.256983021350372987e-01	2.622798662102742394e-03	4.173125611586898931e-02	3.319817028544642667e-01
1.356983021350373075e-01	3.056710191938796263e-03	4.505104957592735021e-02	3.319769891579069654e-01
1.456983021350373164e-01	3.523819401997497873e-03	4.837079216043773527e-02	3.319715277449866719e-01
1.556983021350373253e-01	4.024125744760892638e-03	5.169047611691181265e-02	3.319652635507711058e-01
1.656983021350373342e-01	4.557628592433161756e-03	5.501009314226545238e-02	3.319581415210360320e-01
1.756983021350373431e-01	5.124327231435236128e-03	5.832963438293341935e-02	3.319501066137802159e-01
1.856983021350373519e-01	5.724220856900640204e-03	6.164909043499964408e-02	3.319411038008412418e-01
1.956983021350373608e-01	6.357308567172713192e-03	6.496845134434421631e-02	3.319310780696111962e-01
2.056983021350373697e-01	7.023589358303397590e-03	6.828770660680798243e-02	3.319199744248524930e-01
2.156983021350373786e-01	7.723062118553762449e-03	7.160684516837585722e-02	3.319077378906140074e-01
2.256983021350373875e-01	8.455725622896459112e-03	7.492585542537974486e-02	3.318943135122464638e-01
2.356983021350373964e-01	9.221578527520306323e-03	7.824472522472217251e-02	3.318796463585186318e-01
2.456983021350374052e-01	1.002061936433722676e-02	8.156344186412149699e-02	3.318636815238322213e-01
2.556983021350374141e-01	1.085284653549174229e-02	8.488199209237982934e-02	3.318463641305367529e-01
2.656983021350374230e-01	1.171825830787326904e-02	8.820036210967457935e-02	3.318276393313441264e-01
2.756983021350374319e-01	1.261685280763145435e-02	9.151853756787468874e-02	3.318074523118417218e-01
2.856983021350374408e-01	1.354862801469479752e-02	9.483650357088238558e-02	3.317857482931049762e-01
2.956983021350374496e-01	1.451358175729282676e-02	9.815424467500166728e-02	3.317624725344088810e-01
3.056983021350374585e-01	1.551171170648209599e-02	1.014717448893343033e-01	3.317375703360379013e-01
3.156983021350374674e-01	1.654301537067628947e-02	1.047889876762045230e-01	3.317109870421943163e-01
3.256983021350374763e-01	1.760749009018071354e-02	1.081059559516131807e-01	3.316826680440049802e-01
3.356983021350374852e-01	1.870513303173148428e-02	1.114226320857225755e-01	3.316525587826257282e-01
3.456983021350374941e-01	1.983594118303972503e-02	1.147389979033726776e-01	3.316206047524435374e-01
3.556983021350375029e-01	2.099991134734109990e-02	1.180550346846300086e-01	3.315867515043761093e-01
3.656983021350375118e-01	2.219704013795097131e-02	1.213707231653698981e-01	3.315509446492684864e-01
3.756983021350375207e-01	2.342732397282558041e-02	1.246860435378932402e-01	3.315131298613862576e-01
3.856983021350375296e-01	2.469075906912956628e-02	1.280009754515786247e-01	3.314732528820052426e-01
3.956983021350375385e-01	2.598734143781018108e-02	1.313154980135708694e-01	3.314312595230973213e-01
4.056983021350375473e-01	2.731706687817858289e-02	1.346295897895069260e-01	3.313870956711116311e-01
4.156983021350375562e-01	2.867993097249858098e-02	1.379432288042799770e-01	3.313407072908510220e-01
4.256983021350375651e-01	3.007592908058320802e-02	1.412563925428428901e-01	3.312920404294434906e-01
4.356983021350375740e-01	3.150505633439954628e-02	1.445690579510517382e-01	3.312410412204077059e-01
4.456983021350375829e-01	3.296730763268217179e-02	1.478812014365505079e-01	3.311876558878125154e-01
4.556983021350375918e-01	3.446267763555566771e-02	1.511927988696979697e-01	3.311318307505299319e-01
4.656983021350376006e-01	3.599116075916662660e-02	1.545038255845373187e-01	3.310735122265806019e-01
4.756983021350376095e-01	3.755275117032556842e-02	1.578142563798098641e-01	3.310126468375718667e-01
4.856983021350376184e-01	3.914744278115919740e-02	1.611240655200136263e-01	3.309491812132275834e-01
4.956983021350376273e-01	4.077522924377350449e-02	1.644332267365074818e-01	3.308830620960089286e-01
5.056983021350376362e-01	4.243610394492812465e-02	1.677417132286622148e-01	3.308142363458256296e-01
5.156983021350376450e-01	4.413006000072245555e-02	1.710494976650589471e-01	3.307426509448373464e-01
5.256983021350376539e-01	4.585709025129398875e-02	1.743565521847360578e-01	3.306682530023441480e-01
5.356983021350376628e-01	4.761718725552936682e-02	1.776628483984856177e-01	3.305909897597654745e-01
5.456983021350376717e-01	4.941034328578864515e-02	1.809683573901997300e-01	3.305108085957066955e-01
5.556983021350376806e-01	5.123655032264328585e-02	1.842730497182683003e-01	3.304276570311132089e-01
5.656983021350376895e-01	5.309580004962839717e-02	1.875768954170285441e-01	3.303414827345102500e-01
5.756983021350376983e-01	5.498808384800969729e-02	1.908798639982675349e-01	3.302522335273284648e-01
5.856983021350377072e-01	5.691339279156579917e-02	1.941819244527781541e-01	3.301598573893140820e-01
5.956983021350377161e-01	5.887171764138632302e-02	1.974830452519698298e-01	3.300643024640227963e-01
6.056983021350377250e-01	6.086304884068640536e-02	2.007831943495344551e-01	3.299655170643965296e-01
6.156983021350377339e-01	6.288737650963811820e-02	2.040823391831686207e-01	3.298634496784219605e-01
6.256983021350377427e-01	6.494469044021941584e-02	2.073804466763526644e-01	3.297580489748704324e-01
6.356983021350377516e-01	6.703498009108115052e-02	2.106774832401876463e-01	3.296492638091175209e-01
6.456983021350377605e-01	6.915823458243278155e-02	2.139734147752909432e-01	3.295370432290417595e-01
6.556983021350377694e-01	7.131444269094729116e-02	2.172682066737510742e-01	3.294213364810011924e-01
6.656983021350377783e-01	7.350359284468595267e-02	2.205618238211428384e-01	3.293020930158870319e-01
6.756983021350377872e-01	7.572567311804362378e-02	2.238542305986032099e-01	3.291792624952528112e-01
6.856983021350377960e-01	7.798067122671500928e-02	2.271453908849691006e-01	3.290527947975182554e-01
6.956983021350378049e-01	8.026857452268269799e-02	2.304352680589772939e-01	3.289226400242468706e-01
7.056983021350378138e-01	8.258936998922745965e-02	2.337238250015276908e-01	3.287887485064953097e-01
7.156983021350378227e-01	8.494304423596150955e-02	2.370110240980103089e-01	3.286510708112341805e-01
7.256983021350378316e-01	8.732958349388535157e-02	2.402968272406969252e-01	3.285095577478383544e-01
7.356983021350378404e-01	8.974897361046892119e-02	2.435811958311978609e-01	3.283641603746459414e-01
7.456983021350378493e-01	9.220120004475755582e-02	2.468640907829847408e-01	3.282148300055839907e-01
7.556983021350378582e-01	9.468624786250355585e-02	2.501454725239799504e-01	3.280615182168605815e-01
7.656983021350378671e-01	9.720410173132398857e-02	2.534253009992130101e-01	3.279041768537205304e-01
7.756983021350378760e-01	9.975474591588535944e-02	2.567035356735453133e-01	3.277427580372644367e-01
7.856983021350378849e-01	1.023381642731159280e-01	2.599801355344628639e-01	3.275772141713293450e-01
7.956983021350378937e-01	1.049543402474462372e-01	2.632550590949384040e-01	3.274074979494287496e-01
8.056983021350379026e-01	1.076032568660786476e-01	2.665282643963632347e-01	3.272335623617516065e-01
8.156983021350379115e-01	1.102848967342865277e-01	2.697997090115491492e-01	3.270553607022177456e-01
8.256983021350379204e-01	1.129992420307438517e-01	2.730693500478014180e-01	3.268728465755887380e-01
8.356983021350379293e-01	1.157462745028857987e-01	2.763371441500629411e-01	3.266859739046323874e-01
8.456983021350379381e-01	1.185259754623012723e-01	2.796030475041303420e-01	3.264946969373389019e-01
8.556983021350379470e-01	1.213383257801578519e-01	2.828670158399426704e-01	3.262989702541874149e-01
8.656983021350379559e-01	1.241833058826600222e-01	2.861290044349428241e-01	3.260987487754611891e-01
8.756983021350379648e-01	1.270608957465413635e-01	2.893889681175121908e-01	3.258939877686089504e-01
8.856983021350379737e-01	1.299710748945915317e-01	2.926468612704797301e-01	3.256846428556516848e-01
8.956983021350379826e-01	1.329138223912186556e-01	2.959026378347045516e-01	3.254706700206321801e-01
9.056983021350379914e-01	1.358891168380478021e-01	2.991562513127337675e-01	3.252520256171057556e-01
9.156983021350380003e-01	1.388969363695566894e-01	3.024076547725353392e-01	3.250286663756701278e-01
9.256983021350380092e-01	1.419372586487488430e-01	3.056568008513062540e-01	3.248005494115329128e-01
9.356983021350380181e-01	1.450100608628653309e-01	3.089036417593565842e-01	3.245676322321139340e-01
9.456983021350380270e-01	1.481153197191356352e-01	3.121481292840699306e-01	3.243298727446813912e-01
9.556983021350380358e-01	1.512530114405686854e-01	3.153902147939399714e-01	3.240872292640190055e-01
9.656983021350380447e-01	1.544231117617844429e-01	3.186298492426845042e-01	3.238396605201221967e-01
9.756983021350380536e-01	1.576255959248870908e-01	3.218669831734358167e-01	3.235871256659215711e-01
9.856983021350380625e-01	1.608604386753806348e-01	3.251015667230089945e-01	3.233295842850313906e-01
9.956983021350380714e-01	1.641276142581272746e-01	3.283335496262474451e-01	3.230669963995205785e-01
1.005698302135038080e+00	1.674270964133499628e-01	3.315628812204465814e-01	3.227993224777043202e-01
1.015698302135038089e+00	1.707588583726793730e-01	3.347895104498552765e-01	3.225265234419539828e-01
1.025698302135038098e+00	1.741228728552462746e-01	3.380133858702554228e-01	3.222485606765232435e-01
1.035698302135038107e+00	1.775191120638202613e-01	3.412344556536202056e-01	3.219653960353875966e-01
1.045698302135038116e+00	1.809475476809953021e-01	3.444526675928502590e-01	3.216769918500956837e-01
1.055698302135038125e+00	1.844081508654230595e-01	3.476679691065890365e-01	3.213833109376291186e-01
1.065698302135038134e+00	1.879008922480948363e-01	3.508803072441162296e-01	3.210843166082696376e-01
1.075698302135038142e+00	1.914257419286727602e-01	3.540896286903201795e-01	3.207799726734697487e-01
1.085698302135038151e+00	1.949826694718711229e-01	3.572958797707490031e-01	3.204702434537258782e-01
1.095698302135038160e+00	1.985716439038886783e-01	3.604990064567403785e-01	3.201550937864501845e-01
1.105698302135038169e+00	2.021926337088925385e-01	3.636989543706299899e-01	3.198344890338394308e-01
1.115698302135038178e+00	2.058456068255545834e-01	3.668956687910387426e-01	3.195083950907383064e-01
1.125698302135038187e+00	2.095305306436411608e-01	3.700890946582385821e-01	3.191767783924941426e-01
1.135698302135038196e+00	2.132473720006568541e-01	3.732791765795965833e-01	3.188396059228008617e-01
1.145698302135038205e+00	2.169960971785429293e-01	3.764658588350975887e-01	3.184968452215295454e-01
1.155698302135038213e+00	2.207766719004316536e-01	3.796490853829452838e-01	3.181484643925426292e-01
1.165698302135038222e+00	2.245890613274568182e-01	3.828287998652407653e-01	3.177944321114896664e-01
1.175698302135038231e+00	2.284332300556214945e-01	3.860049456137395474e-01	3.174347176335813869e-01
1.185698302135038240e+00	2.323091421127236877e-01	3.891774656556856726e-01	3.170692908013394429e-01
1.195698302135038249e+00	2.362167609553409431e-01	3.923463027197236497e-01	3.166981220523196749e-01
1.205698302135038258e+00	2.401560494658741551e-01	3.955113992418872182e-01	3.163211824268055694e-01
1.215698302135038267e+00	2.441269699496518009e-01	3.986726973716648859e-01	3.159384435754691300e-01
1.225698302135038276e+00	2.481294841320953182e-01	4.018301389781418487e-01	3.155498777669968336e-01
1.235698302135038285e+00	2.521635531559459631e-01	4.049836656562183501e-01	3.151554578956773933e-01
1.245698302135038293e+00	2.562291425515680898e-01	4.081332260863190231e-01	3.147551607797869355e-01
1.255698302135038302e+00	2.603262058023942949e-01	4.112787515937505467e-01	3.143489561152688072e-01
1.265698302135038311e+00	2.644547038969969899e-01	4.144201854165872057e-01	3.139368198373824748e-01
1.275698302135038320e+00	2.686145956239388011e-01	4.175574681163027879e-01	3.135187274166494342e-01
1.285698302135038329e+00	2.728058391735707633e-01	4.206905400116616178e-01	3.130946549869719764e-01
1.295698302135038338e+00	2.770283921384817383e-01	4.238193411860290416e-01	3.126645793523657457e-01
1.305698302135038347e+00	2.812822115109262500e-01	4.269438114941984663e-01	3.122284779942762767e-01
1.315698302135038356e+00	2.855672536805922701e-01	4.300638905691948621e-01	3.117863290787550312e-01
1.325698302135038364e+00	2.898834744702877275e-01	4.331795178423519244e-01	3.113381114202722899e-01
1.335698302135038373e+00	2.942308290120673187e-01	4.362906325068837132e-01	3.108838046279531753e-01
1.345698302135038382e+00	2.986092718792208722e-01	4.393971735737763340e-01	3.104233889593274176e-01
1.355698302135038391e+00	3.030187570341994485e-01	4.424990798600134667e-01	3.099568453845890081e-01
1.365698302135038400e+00	3.074592378225025624e-01	4.455962899943977651e-01	3.094841555982096315e-01
1.375698302135038409e+00	3.119306669578614244e-01	4.486887424216131071e-01	3.090053020412693030e-01
1.385698302135038418e+00	3.164329965632610708e-01	4.517763754216289618e-01	3.085202678573654711e-01
1.395698302135038427e+00	3.209661781436646266e-01	4.548591271095174249e-01	3.080290369296097563e-01
1.405698302135038436e+00	3.255301625758653117e-01	4.579369354404057013e-01	3.075315938971680541e-01
1.415698302135038444e+00	3.301249001543216655e-01	4.610097382286881262e-01	3.070279241045430485e-01
1.425698302135038453e+00	3.347503404646198222e-01	4.640774731252815810e-01	3.065180137593128129e-01
1.435698302135038462e+00	3.394064325198835608e-01	4.671400776597585680e-01	3.060018497715600860e-01
1.445698302135038471e+00	3.440931247079030975e-01	4.701974892344959467e-01	3.054794198224545232e-01
1.455698302135038480e+00	3.488103647855970157e-01	4.732496451315407193e-01	3.049507123754695570e-01
1.465698302135038489e+00	3.535580998646496442e-01	4.762964825187067097e-01	3.044157166989989172e-01
1.475698302135038498e+00	3.583362764540950485e-01	4.793379384647937780e-01	3.038744228174965478e-01
1.485698302135038507e+00	3.631448404331764634e-01	4.823739499427867616e-01	3.033268215499353992e-01
1.495698302135038515e+00	3.679837370417115006e-01	4.854044538362985439e-01	3.027729045262194107e-01
1.505698302135038524e+00	3.728529109274429931e-01	4.884293869539800825e-01	3.022126641314180073e-01
1.515698302135038533e+00	3.777523060181069425e-01	4.914486860214261066e-01	3.016460936732496823e-01
1.525698302135038542e+00	3.826818656609684011e-01	4.944622877083165724e-01	3.010731872086134242e-01
1.535698302135038551e+00	3.876415325697030734e-01	4.974701286288455981e-01	3.004939396156381393e-01
1.545698302135038560e+00	3.926312488195254913e-01	5.004721453495811767e-01	2.999083466042139490e-01
1.555698302135038569e+00	3.976509558334644923e-01	5.034682743976023334e-01	2.993164047384582749e-01
1.565698302135038578e+00	4.027005944261134451e-01	5.064584522711201853e-01	2.987181113834713742e-01
1.575698302135038587e+00	4.077801047769346043e-01	5.094426154461653145e-01	2.981134647446527786e-01
1.585698302135038595e+00	4.128894264212703002e-01	5.124207003844932773e-01	2.975024638836311630e-01
1.595698302135038604e+00	4.180284982987573783e-01	5.153926435427611530e-01	2.968851086579467613e-01
1.605698302135038613e+00	4.231972586253568425e-01	5.183583813798650075e-01	2.962613998961001749e-01
1.615698302135038622e+00	4.283956450346153577e-01	5.213178503680048204e-01	2.956313392130912043e-01
1.625698302135038631e+00	4.336235945248783641e-01	5.242709869996675653e-01	2.949949290849114836e-01
1.635698302135038640e+00	4.388810434551703721e-01	5.272177277964037456e-01	2.943521728580955621e-01
1.645698302135038649e+00	4.441679275322911180e-01	5.301580093189705023e-01	2.937030747715708712e-01
1.655698302135038658e+00	4.494841818553010349e-01	5.330917681729815394e-01	2.930476398995681131e-01
1.665698302135038666e+00	4.548297408895869420e-01	5.360189410191338322e-01	2.923858741911185000e-01
1.675698302135038675e+00	4.602045384586487264e-01	5.389394645825148489e-01	2.917177844851324142e-01
1.685698302135038684e+00	4.656085077930888771e-01	5.418532756561657004e-01	2.910433784461964324e-01
1.695698302135038693e+00	4.710415814040193605e-01	5.447603111244181395e-01	2.903626647446158060e-01
1.705698302135038702e+00	4.765036912245608769e-01	5.476605079569886181e-01	2.896756528633356864e-01
1.715698302135038711e+00	4.819947685579857866e-01	5.505538032226927614e-01	2.889823531737008566e-01
1.725698302135038720e+00	4.875147440744281302e-01	5.534401340990352525e-01	2.882827769437380505e-01
1.735698302135038729e+00	4.930635477989782078e-01	5.563194378842792887e-01	2.875769363589051331e-01
1.745698302135038738e+00	4.986411091564412756e-01	5.591916519978109568e-01	2.868648444618509541e-01
1.755698302135038746e+00	5.042473569464827055e-01	5.620567139938904555e-01	2.861465151913586968e-01
1.765698302135038755e+00	5.098822193363123922e-01	5.649145615722679370e-01	2.854219633962017388e-01
1.775698302135038764e+00	5.155456239097297999e-01	5.677651325758198420e-01	2.846912047678870072e-01
1.785698302135038773e+00	5.212374975433641255e-01	5.706083650302079535e-01	2.839542560227759638e-01
1.795698302135038782e+00	5.269577665468523353e-01	5.734441971203391164e-01	2.832111347032009729e-01
1.805698302135038791e+00	5.327063566125223026e-01	5.762725672108781616e-01	2.824618592531885630e-01
1.815698302135038800e+00	5.384831928129988343e-01	5.790934138565215772e-01	2.817064490252014219e-01
1.825698302135038809e+00	5.442881996074281359e-01	5.819066758100149839e-01	2.809449242742401154e-01
1.835698302135038817e+00	5.501213008435110741e-01	5.847122920311648153e-01	2.801773061579936885e-01
1.845698302135038826e+00	5.559824197596200390e-01	5.875102016958676510e-01	2.794036167367892065e-01
1.855698302135038835e+00	5.618714789870041804e-01	5.903003442051356631e-01	2.786238789733426757e-01
1.865698302135038844e+00	5.677884005520860145e-01	5.930826591941182890e-01	2.778381167323094592e-01
1.875698302135038853e+00	5.737331058788478488e-01	5.958570865411185746e-01	2.770463547796324089e-01
1.885698302135038862e+00	5.797055157913083567e-01	5.986235663766019677e-01	2.762486187816864946e-01
1.895698302135038871e+00	5.857055505160890796e-01	6.013820390921953418e-01	2.754449353042185411e-01
1.905698302135038880e+00	5.917331296850711908e-01	6.041324453496749181e-01	2.746353318110810737e-01
1.915698302135038888e+00	5.977881723381416323e-01	6.068747260899399754e-01	2.738198366627587754e-01
1.925698302135038897e+00	6.038705969260294015e-01	6.096088225419705742e-01	2.729984791146870537e-01
1.935698302135038906e+00	6.099803213132307667e-01	6.123346762317682934e-01	2.721712893153608315e-01
1.945698302135038915e+00	6.161172627810246327e-01	6.150522289912763174e-01	2.713382983042334495e-01
1.955698302135038924e+00	6.222813380305758368e-01	6.177614229672775403e-01	2.704995380094044055e-01
1.965698302135038933e+00	6.284724631861283717e-01	6.204622006302686898e-01	2.696550412450950951e-01
1.975698302135038942e+00	6.346905537982866496e-01	6.231545047833079165e-01	2.688048417089118902e-01
1.985698302135038951e+00	6.409355248473851407e-01	6.258382785708342944e-01	2.679489739788962210e-01
1.995698302135038960e+00	6.472072907469463843e-01	6.285134654874563465e-01	2.670874735103607178e-01
2.005698302135038968e+00	6.535057653472260419e-01	6.311800093867079298e-01	2.662203766325108578e-01
2.015698302135038755e+00	6.598308619388464358e-01	6.338378544897698141e-01	2.653477205448520060e-01
2.025698302135038542e+00	6.661824932565160173e-01	6.364869453941532917e-01	2.644695433133816831e-01
2.035698302135038329e+00	6.725605714828359893e-01	6.391272270823457058e-01	2.635858838665659509e-01
2.045698302135038116e+00	6.789650082521933028e-01	6.417586449304133467e-01	2.626967819911010249e-01
2.055698302135037903e+00	6.853957146547389190e-01	6.443811447165627149e-01	2.618022783274588372e-01
2.065698302135037689e+00	6.918526012404523362e-01	6.469946726296542661e-01	2.609024143652172723e-01
2.075698302135037476e+00	6.983355780232899379e-01	6.495991752776694161e-01	2.599972324381748523e-01
2.085698302135037263e+00	7.048445544854188283e-01	6.521945996961276970e-01	2.590867757192502063e-01
2.095698302135037050e+00	7.113794395815337124e-01	6.547808933564511769e-01	2.581710882151665443e-01
2.105698302135036837e+00	7.179401417432579313e-01	6.573580041742754787e-01	2.572502147609211920e-01
2.115698302135036624e+00	7.245265688836265427e-01	6.599258805177035114e-01	2.563242010140411309e-01
2.125698302135036410e+00	7.311386284016520021e-01	6.624844712155013582e-01	2.553930934486245419e-01
2.135698302135036197e+00	7.377762271869718891e-01	6.650337255652334356e-01	2.544569393491691867e-01
2.145698302135035984e+00	7.444392716245767927e-01	6.675735933413345924e-01	2.535157868041884588e-01
2.155698302135035771e+00	7.511276675996196861e-01	6.701040248031173707e-01	2.525696846996154377e-01
2.165698302135035558e+00	7.578413205023040167e-01	6.726249707027127656e-01	2.516186827119963332e-01
2.175698302135035345e+00	7.645801352328515099e-01	6.751363822929408176e-01	2.506628313014735432e-01
2.185698302135035131e+00	7.713440162065480221e-01	6.776382113351110403e-01	2.497021817045603775e-01
2.195698302135034918e+00	7.781328673588672196e-01	6.801304101067491281e-01	2.487367859267074766e-01
2.205698302135034705e+00	7.849465921506710853e-01	6.826129314092482803e-01	2.477666967346628668e-01
2.215698302135034492e+00	7.917850935734861428e-01	6.850857285754429205e-01	2.467919676486266256e-01
2.225698302135034279e+00	7.986482741548562858e-01	6.875487554771032572e-01	2.458126529342015698e-01
2.235698302135034066e+00	8.055360359637681045e-01	6.900019665323484652e-01	2.448288075941415232e-01
2.245698302135033853e+00	8.124482806161521520e-01	6.924453167129756004e-01	2.438404873598986333e-01
2.255698302135033639e+00	8.193849092804552647e-01	6.948787615517040273e-01	2.428477486829714316e-01
2.265698302135033426e+00	8.263458226832861575e-01	6.973022571493313615e-01	2.418506487260551896e-01
2.275698302135033213e+00	8.333309211151312956e-01	6.997157601818005945e-01	2.408492453539965994e-01
2.285698302135033000e+00	8.403401044361413774e-01	7.021192279071752917e-01	2.398435971245546916e-01
2.295698302135032787e+00	8.473732720819870945e-01	7.045126181725225312e-01	2.388337632789696297e-01
2.305698302135032574e+00	8.544303230697831708e-01	7.068958894206985866e-01	2.378198037323418779e-01
2.315698302135032360e+00	8.615111560040796812e-01	7.092690006970396865e-01	2.368017790638235753e-01
2.325698302135032147e+00	8.686156690829199833e-01	7.116319116559519653e-01	2.357797505066244748e-01
2.335698302135031934e+00	8.757437601039640418e-01	7.139845825674017155e-01	2.347537799378348888e-01
2.345698302135031721e+00	8.828953264706758119e-01	7.163269743233025011e-01	2.337239298680677257e-01
2.355698302135031508e+00	8.900702651985742397e-01	7.186590484437979098e-01	2.326902634309223339e-01
2.365698302135031295e+00	8.972684729215468780e-01	7.209807670834376125e-01	2.316528443722727371e-01
2.375698302135031081e+00	9.044898458982240097e-01	7.232920930372462864e-01	2.306117370393827581e-01
2.385698302135030868e+00	9.117342800184135010e-01	7.255929897466822931e-01	2.295670063698507790e-01
2.395698302135030655e+00	9.190016708095942732e-01	7.278834213054847790e-01	2.285187178803870789e-01
2.405698302135030442e+00	9.262919134434680624e-01	7.301633524654081997e-01	2.274669376554264155e-01
2.415698302135030229e+00	9.336049027425676883e-01	7.324327486418419353e-01	2.264117323355790135e-01
2.425698302135030016e+00	9.409405331869209466e-01	7.346915759193136664e-01	2.253531691059227349e-01
2.435698302135029802e+00	9.482986989207690121e-01	7.369398010568749546e-01	2.242913156841399303e-01
2.445698302135029589e+00	9.556792937593383552e-01	7.391773914933670309e-01	2.232262403085016056e-01
2.455698302135029376e+00	9.630822111956643949e-01	7.414043153525661234e-01	2.221580117257026810e-01
2.465698302135029163e+00	9.705073444074656663e-01	7.436205414482064402e-01	2.210866991785513103e-01
2.475698302135028950e+00	9.779545862640685039e-01	7.458260392888789170e-01	2.200123723935158704e-01
2.485698302135028737e+00	9.854238293333792420e-01	7.480207790828050651e-01	2.189351015681327839e-01
2.495698302135028523e+00	9.929149658889041552e-01	7.502047317424841433e-01	2.178549573582791166e-01
2.505698302135028310e+00	1.000427887916814917e+00	7.523778688892124311e-01	2.167720108653131417e-01
2.515698302135028097e+00	1.007962487123057915e+00	7.545401628574729402e-01	2.156863336230868122e-01
2.525698302135027884e+00	1.015518654940274601e+00	7.566915866990593376e-01	2.145979975852613519e-01
2.535698302135027671e+00	1.023096282535657542e+00	7.588321141875975506e-01	2.135070751108605336e-01
2.545698302135027458e+00	1.030695260817677594e+00	7.609617198222266010e-01	2.124136389518621881e-01
2.555698302135027244e+00	1.038315480443262606e+00	7.630803788314077796e-01	2.113177622399051159e-01
2.565698302135027031e+00	1.045956831825346045e+00	7.651880671767946618e-01	2.102195184722855659e-01
2.575698302135026818e+00	1.053619205140166271e+00	7.672847615567897073e-01	2.091189814983734907e-01
2.585698302135026605e+00	1.061302490334644411e+00	7.693704394099921684e-01	2.080162255058488341e-01
2.595698302135026392e+00	1.069006577133801983e+00	7.714450789185118840e-01	2.069113250068268517e-01
2.605698302135026179e+00	1.076731355048212935e+00	7.735086590111439619e-01	2.058043548238908116e-01
2.615698302135025965e+00	1.084476713381484769e+00	7.755611593664032410e-01	2.046953900760359601e-01
2.625698302135025752e+00	1.092242541237770759e+00	7.776025604154174209e-01	2.035845061645293330e-01
2.635698302135025539e+00	1.100028727529310579e+00	7.796328433446790829e-01	2.024717787586895745e-01
2.645698302135025326e+00	1.107835160983996481e+00	7.816519900986549363e-01	2.013572837815910677e-01
2.655698302135025113e+00	1.115661730152965436e+00	7.836599833822511796e-01	2.002410973956966767e-01
2.665698302135024900e+00	1.123508323418215049e+00	7.856568066631355318e-01	1.991232959884237930e-01
2.675698302135024687e+00	1.131374829000243221e+00	7.876424441739141580e-01	1.980039561576476814e-01
2.685698302135024473e+00	1.139261134965706912e+00	7.896168809141638212e-01	1.968831546971471780e-01
2.695698302135024260e+00	1.147167129235101335e+00	7.915801026523175965e-01	1.957609685819966805e-01
2.705698302135024047e+00	1.155092699590457794e+00	7.935320959274049235e-01	1.946374749539092897e-01
2.715698302135023834e+00	1.163037733683057739e+00	7.954728480506441102e-01	1.935127511065355965e-01
2.725698302135023621e+00	1.171002119041161693e+00	7.974023471068883984e-01	1.923868744707226686e-01
2.735698302135023408e+00	1.178985743077752169e+00	7.993205819559238146e-01	1.912599225997379804e-01
2.745698302135023194e+00	1.186988493098289688e+00	8.012275422336195829e-01	1.901319731544627023e-01
2.755698302135022981e+00	1.195010256308477459e+00	8.031232183529299906e-01	1.890031038885591208e-01
2.765698302135022768e+00	1.203050919822037157e+00	8.050076015047480382e-01	1.878733926336169369e-01
2.775698302135022555e+00	1.211110370668492697e+00	8.068806836586100983e-01	1.867429172842829110e-01
2.785698302135022342e+00	1.219188495800958894e+00	8.087424575632525814e-01	1.856117557833787679e-01
2.795698302135022129e+00	1.227285182103935002e+00	8.105929167470184993e-01	1.844799861070119118e-01
2.805698302135021915e+00	1.235400316401103593e+00	8.124320555181168135e-01	1.833476862496837556e-01
2.815698302135021702e+00	1.243533785463128982e+00	8.142598689647312371e-01	1.822149342094002977e-01
2.825698302135021489e+00	1.251685476015456988e+00	8.160763529549810436e-01	1.810818079727897212e-01
2.835698302135021276e+00	1.259855274746113585e+00	8.178815041367328842e-01	1.799483855002316779e-01
2.845698302135021063e+00	1.268043068313500887e+00	8.196753199372641685e-01	1.788147447110030597e-01
2.855698302135020850e+00	1.276248743354188697e+00	8.214577985627775636e-01	1.776809634684449191e-01
2.865698302135020636e+00	1.284472186490701162e+00	8.232289389977679450e-01	1.765471195651551750e-01
2.875698302135020423e+00	1.292713284339295665e+00	8.249887410042407998e-01	1.754132907082119330e-01
2.885698302135020210e+00	1.300971923517733053e+00	8.267372051207833028e-01	1.742795545044319994e-01
2.895698302135019997e+00	1.309247990653038762e+00	8.284743326614882886e-01	1.731459884456693354e-01
2.905698302135019784e+00	1.317541372389251730e+00	8.302001257147313407e-01	1.720126698941580878e-01
2.915698302135019571e+00	1.325851955395160209e+00	8.319145871418011096e-01	1.708796760679047178e-01
2.925698302135019357e+00	1.334179626372023586e+00	8.336177205753847463e-01	1.697470840261341152e-01
2.935698302135019144e+00	1.342524272061278445e+00	8.353095304179073421e-01	1.686149706547940552e-01
2.945698302135018931e+00	1.350885779252227081e+00	8.369900218397267055e-01	1.674834126521225763e-01
2.955698302135018718e+00	1.359264034789706255e+00	8.386592007771845880e-01	1.663524865142831100e-01
2.965698302135018505e+00	1.367658925581738183e+00	8.403170739305146908e-01	1.652222685210714137e-01
2.975698302135018292e+00	1.376070338607157328e+00	8.419636487616074527e-01	1.640928347216993322e-01
2.985698302135018078e+00	1.384498160923215204e+00	8.435989334916332849e-01	1.629642609206592707e-01
2.995698302135017865e+00	1.392942279673161421e+00	8.452229370985258061e-01	1.618366226636744343e-01
3.005698302135017652e+00	1.401402582093797422e+00	8.468356693143236358e-01	1.607099952237385221e-01
3.015698302135017439e+00	1.409878955523004462e+00	8.484371406223737422e-01	1.595844535872499026e-01
3.025698302135017226e+00	1.418371287407240944e+00	8.500273622543967900e-01	1.584600724402439875e-01
3.035698302135017013e+00	1.426879465309012218e+00	8.516063461874149310e-01	1.573369261547286069e-01
3.045698302135016799e+00	1.435403376914306639e+00	8.531741051405438148e-01	1.562150887751259098e-01
3.055698302135016586e+00	1.443942910040000305e+00	8.547306525716494852e-01	1.550946340048258709e-01
3.065698302135016373e+00	1.452497952641227386e+00	8.562760026738706065e-01	1.539756351928546207e-01
3.075698302135016160e+00	1.461068392818715145e+00	8.578101703720097948e-01	1.528581653206622093e-01
3.085698302135015947e+00	1.469654118826081213e+00	8.593331713187912779e-01	1.517422969890336593e-01
3.095698302135015734e+00	1.478255019077094223e+00	8.608450218909898810e-01	1.506281024051273065e-01
3.105698302135015521e+00	1.486870982152894038e+00	8.623457391854303378e-01	1.495156533696443690e-01
3.115698302135015307e+00	1.495501896809172004e+00	8.638353410148591482e-01	1.484050212641332689e-01
3.125698302135015094e+00	1.504147651983308798e+00	8.653138459036903152e-01	1.472962770384330378e-01
3.135698302135014881e+00	1.512808136801469638e+00	8.667812730836256252e-01	1.461894911982590806e-01
3.145698302135014668e+00	1.521483240585653984e+00	8.682376424891524724e-01	1.450847337929351277e-01
3.155698302135014455e+00	1.530172852860701260e+00	8.696829747529186694e-01	1.439820744032749289e-01
3.165698302135014242e+00	1.538876863361248404e+00	8.711172912009881308e-01	1.428815821296173794e-01
3.175698302135014028e+00	1.547595162038639671e+00	8.725406138479760987e-01	1.417833255800182157e-01
3.185698302135013815e+00	1.556327639067787816e+00	8.739529653920685703e-01	1.406873728586019168e-01
3.195698302135013602e+00	1.565074184853983752e+00	8.753543692099252649e-01	1.395937915540771124e-01
3.205698302135013389e+00	1.573834690039655815e+00	8.767448493514685692e-01	1.385026487284186092e-01
3.215698302135013176e+00	1.582609045511075951e+00	8.781244305345603518e-01	1.374140109057192805e-01
3.225698302135012963e+00	1.591397142405011733e+00	8.794931381395683090e-01	1.363279440612150117e-01
3.235698302135012749e+00	1.600198872115323745e+00	8.808509982038231767e-01	1.352445136104854784e-01
3.245698302135012536e+00	1.609014126299507241e+00	8.821980374159689164e-01	1.341637843988340295e-01
3.255698302135012323e+00	1.617842796885176959e+00	8.835342831102072081e-01	1.330858206908492047e-01
3.265698302135012110e+00	1.626684776076492200e+00	8.848597632604396912e-01	1.320106861601507697e-01
3.275698302135011897e+00	1.635539956360525737e+00	8.861745064743071776e-01	1.309384438793232130e-01
3.285698302135011684e+00	1.644408230513570102e+00	8.874785419871299430e-01	1.298691563100388136e-01
3.295698302135011470e+00	1.653289491607383477e+00	8.887718996557498752e-01	1.288028852933733870e-01
3.305698302135011257e+00	1.662183633015374751e+00	8.900546099522770316e-01	1.277396920403167935e-01
3.315698302135011044e+00	1.671090548418722843e+00	8.913267039577421613e-01	1.266796371224805651e-01
3.325698302135010831e+00	1.680010131812435636e+00	8.925882133556574116e-01	1.256227804630051237e-01
3.335698302135010618e+00	1.688942277511341183e+00	8.938391704254867731e-01	1.245691813276686294e-01
3.345698302135010405e+00	1.697886880156013856e+00	8.950796080360287066e-01	1.235188983161995824e-01
3.355698302135010191e+00	1.706843834718635655e+00	8.963095596387136155e-01	1.224719893537953019e-01
3.365698302135009978e+00	1.715813036508787137e+00	8.975290592608164975e-01	1.214285116828480310e-01
3.375698302135009765e+00	1.724794381179172387e+00	8.987381414985885497e-01	1.203885218548806507e-01
3.385698302135009552e+00	1.733787764731274272e+00	8.999368415103089491e-01	1.193520757226936430e-01
3.395698302135009339e+00	1.742793083520939090e+00	9.011251950092595830e-01	1.183192284327249932e-01
3.405698302135009126e+00	1.751810234263891486e+00	9.023032382566237297e-01	1.172900344176246307e-01
3.415698302135008912e+00	1.760839114041177433e+00	9.034710080543121302e-01	1.162645473890448616e-01
3.425698302135008699e+00	1.769879620304537049e+00	9.046285417377191163e-01	1.152428203306436888e-01
3.435698302135008486e+00	1.778931650881699023e+00	9.057758771684051302e-01	1.142249054913228035e-01
3.445698302135008273e+00	1.787995103981607992e+00	9.069130527267185160e-01	1.132108543786664451e-01
3.455698302135008060e+00	1.797069878199575532e+00	9.080401073043512516e-01	1.122007177526059551e-01
3.465698302135007847e+00	1.806155872522356098e+00	9.091570802968310661e-01	1.111945456193110804e-01
3.475698302135007633e+00	1.815252986333146579e+00	9.102640115959536038e-01	1.101923872253033621e-01
3.485698302135007420e+00	1.824361119416511912e+00	9.113609415821578574e-01	1.091942910517910426e-01
3.495698302135007207e+00	1.833480171963232097e+00	9.124479111168455336e-01	1.082003048092291392e-01
3.505698302135006994e+00	1.842610044575074157e+00	9.135249615346473506e-01	1.072104754321045739e-01
3.515698302135006781e+00	1.851750638269484828e+00	9.145921346356382653e-01	1.062248490739469559e-01
3.525698302135006568e+00	1.860901854484206419e+00	9.156494726775035176e-01	1.052434711025653502e-01
3.535698302135006355e+00	1.870063595081813190e+00	9.166970183676590445e-01	1.042663860955115873e-01
3.545698302135006141e+00	1.879235762354169559e+00	9.177348148553269302e-01	1.032936378357701274e-01
3.555698302135005928e+00	1.888418259026807489e+00	9.187629057235692231e-01	1.023252693076748959e-01
3.565698302135005715e+00	1.897610988263225940e+00	9.197813349812817840e-01	1.013613226930530770e-01
3.575698302135005502e+00	1.906813853669107939e+00	9.207901470551509426e-01	1.004018393675958215e-01
3.585698302135005289e+00	1.916026759296459270e+00	9.217893867815751818e-01	9.944685989745588595e-02
3.595698302135005076e+00	1.925249609647664117e+00	9.227790993985532930e-01	9.849642403607190844e-02
3.605698302135004862e+00	1.934482309679460998e+00	9.237593305375427777e-01	9.755057072121918471e-02
3.615698302135004649e+00	1.943724764806835870e+00	9.247301262152888279e-01	9.660933807228642978e-02
3.625698302135004436e+00	1.952976880906834634e+00	9.256915328256282161e-01	9.567276338777826183e-02
3.635698302135004223e+00	1.962238564322292822e+00	9.266435971312687592e-01	9.474088314304268676e-02
3.645698302135004010e+00	1.971509721865483122e+00	9.275863662555474676e-01	9.381373298822309748e-02
3.655698302135003797e+00	1.980790260821680082e+00	9.285198876741689311e-01	9.289134774643409420e-02
3.665698302135003583e+00	1.990080088952643100e+00	9.294442092069269412e-01	9.197376141216025147e-02
3.675698302135003370e+00	1.999379114500014820e+00	9.303593790094112359e-01	9.106100714987699907e-02
3.685698302135003157e+00	2.008687246188638476e+00	9.312654455647013663e-01	9.015311729289272880e-02
3.695698302135002944e+00	2.018004393229791305e+00	9.321624576750501268e-01	8.925012334241104461e-02
3.705698302135002731e+00	2.027330465324333364e+00	9.330504644535586589e-01	8.835205596681192097e-02
3.715698302135002518e+00	2.036665372665775742e+00	9.339295153158455598e-01	8.745894500115089509e-02
3.725698302135002304e+00	2.046009025943263726e+00	9.347996599717122157e-01	8.657081944687468333e-02
3.735698302135002091e+00	2.055361336344476708e+00	9.356609484168061375e-01	8.568770747175205593e-02
3.745698302135001878e+00	2.064722215558444596e+00	9.365134309242845179e-01	8.480963641001856845e-02
3.755698302135001665e+00	2.074091575778282515e+00	9.373571580364805644e-01	8.393663276273349849e-02
3.765698302135001452e+00	2.083469329703839357e+00	9.381921805565746064e-01	8.306872219834759985e-02
3.775698302135001239e+00	2.092855390544265504e+00	9.390185495402715299e-01	8.220592955347991171e-02
3.785698302135001025e+00	2.102249672020496618e+00	9.398363162874873167e-01	8.134827883390192971e-02
3.795698302135000812e+00	2.111652088367653946e+00	9.406455323340462416e-01	8.049579321572739032e-02
3.805698302135000599e+00	2.121062554337362016e+00	9.414462494433912809e-01	7.964849504680582282e-02
3.815698302135000386e+00	2.130480985199983301e+00	9.422385195983088435e-01	7.880640584831791196e-02
3.825698302135000173e+00	2.139907296746770271e+00	9.430223949926715976e-01	7.796954631657061763e-02
3.835698302134999960e+00	2.149341405291935292e+00	9.437979280231987289e-01	7.713793632499023334e-02
3.845698302134999746e+00	2.158783227674638372e+00	9.445651712812387357e-01	7.631159492631103825e-02
3.855698302134999533e+00	2.168232681260891415e+00	9.453241775445734296e-01	7.549054035495747494e-02
3.865698302134999320e+00	2.177689683945382093e+00	9.460749997692483593e-01	7.467479002961763257e-02
3.875698302134999107e+00	2.187154154153216457e+00	9.468176910814284364e-01	7.386436055600570372e-02
3.885698302134998894e+00	2.196626010841578935e+00	9.475523047692830936e-01	7.305926772981109762e-02
3.895698302134998681e+00	2.206105173501311523e+00	9.482788942749014183e-01	7.225952653983182261e-02
3.905698302134998467e+00	2.215591562158413907e+00	9.489975131862400382e-01	7.146515117128963979e-02
3.915698302134998254e+00	2.225085097375460119e+00	9.497082152291043133e-01	7.067615500932454553e-02
3.925698302134998041e+00	2.234585700252939233e+00	9.504110542591656108e-01	6.989255064266593209e-02
3.935698302134997828e+00	2.244093292430513031e+00	9.511060842540167704e-01	6.911434986747794218e-02
3.945698302134997615e+00	2.253607796088195503e+00	9.517933593052659846e-01	6.834156369137632525e-02
3.955698302134997402e+00	2.263129133947454186e+00	9.524729336106722011e-01	6.757420233761395056e-02
3.965698302134997189e+00	2.272657229272232460e+00	9.531448614663231567e-01	6.681227524943259000e-02
3.975698302134996975e+00	2.282192005869894125e+00	9.538091972588577105e-01	6.605579109457775100e-02
3.985698302134996762e+00	2.291733388092088930e+00	9.544659954577341399e-01	6.530475776997411719e-02
3.995698302134996549e+00	2.301281300835543941e+00	9.551153106075458421e-01	6.455918240655847407e-02
4.005698302134996780e+00	2.310835669542776305e+00	9.557571973203864424e-01	6.381907137426737209e-02
4.015698302134996567e+00	2.320396420202729182e+00	9.563917102682653049e-01	6.308443028717657108e-02
4.025698302134996354e+00	2.329963479351334410e+00	9.570189041755751136e-01	6.235526400878924763e-02
4.035698302134996140e+00	2.339536774071998781e+00	9.576388338116134102e-01	6.163157665747000247e-02
4.045698302134995927e+00	2.349116231996014825e+00	9.582515539831588658e-01	6.091337161202162870e-02
4.055698302134995714e+00	2.358701781302900535e+00	9.588571195271041736e-01	6.020065151740162934e-02
4.065698302134995501e+00	2.368293350720661827e+00	9.594555853031464521e-01	5.949341829057532699e-02
4.075698302134995288e+00	2.377890869525986606e+00	9.600470061865377103e-01	5.879167312650251248e-02
4.085698302134995075e+00	2.387494267544362003e+00	9.606314370608948217e-01	5.809541650425451009e-02
4.095698302134994861e+00	2.397103475150124119e+00	9.612089328110718922e-01	5.740464819325842571e-02
4.105698302134994648e+00	2.406718423266434037e+00	9.617795483160955783e-01	5.671936725966551796e-02
4.115698302134994435e+00	2.416339043365184569e+00	9.623433384421645753e-01	5.603957207284041703e-02
4.125698302134994222e+00	2.425965267466838160e+00	9.629003580357148318e-01	5.536526031196799952e-02
4.135698302134994009e+00	2.435597028140193743e+00	9.634506619165512653e-01	5.469642897277474103e-02
4.145698302134993796e+00	2.445234258502086533e+00	9.639943048710472029e-01	5.403307437436126459e-02
4.155698302134993583e+00	2.454876892217019879e+00	9.645313416454126543e-01	5.337519216614280276e-02
4.165698302134993369e+00	2.464524863496731832e+00	9.650618269390327519e-01	5.272277733489444396e-02
4.175698302134993156e+00	2.474178107099691548e+00	9.655858153978768010e-01	5.207582421189774907e-02
4.185698302134992943e+00	2.483836558330534405e+00	9.661033616079796049e-01	5.143432648018554654e-02
4.195698302134992730e+00	2.493500153039429179e+00	9.666145200889956213e-01	5.079827718188161673e-02
4.205698302134992517e+00	2.503168827621383041e+00	9.671193452878270591e-01	5.016766872563196283e-02
4.215698302134992304e+00	2.512842519015481280e+00	9.676178915723262497e-01	4.954249289412441387e-02
4.225698302134992090e+00	2.522521164704067509e+00	9.681102132250744008e-01	4.892274085169322217e-02
4.235698302134991877e+00	2.532204702711858602e+00	9.685963644372362902e-01	4.830840315200544965e-02
4.245698302134991664e+00	2.541893071605000998e+00	9.690763993024923417e-01	4.769946974582575661e-02
4.255698302134991451e+00	2.551586210490065287e+00	9.695503718110487501e-01	4.709592998885643589e-02
4.265698302134991238e+00	2.561284059012981729e+00	9.700183358437264314e-01	4.649777264964934792e-02
4.275698302134991025e+00	2.570986557357918034e+00	9.704803451661301317e-01	4.590498591758710584e-02
4.285698302134990811e+00	2.580693646246097650e+00	9.709364534228945853e-01	4.531755741092715478e-02
4.295698302134990598e+00	2.590405266934562967e+00	9.713867141320154941e-01	4.473547418491106986e-02
4.305698302134990385e+00	2.600121361214878135e+00	9.718311806792599983e-01	4.415872273993182162e-02
4.315698302134990172e+00	2.609841871411782588e+00	9.722699063126596375e-01	4.358728902975608777e-02
4.325698302134989959e+00	2.619566740381782832e+00	9.727029441370845797e-01	4.302115846979929353e-02
4.335698302134989746e+00	2.629295911511697170e+00	9.731303471089021162e-01	4.246031594544996679e-02
4.345698302134989532e+00	2.639029328717143130e+00	9.735521680307182013e-01	4.190474582044017432e-02
4.355698302134989319e+00	2.648766936440973385e+00	9.739684595462029248e-01	4.135443194525887517e-02
4.365698302134989106e+00	2.658508679651661932e+00	9.743792741350001396e-01	4.080935766560504774e-02
4.375698302134988893e+00	2.668254503841637426e+00	9.747846641077222429e-01	4.026950583087744728e-02
4.385698302134988680e+00	2.678004355025569438e+00	9.751846816010294461e-01	3.973485880269795462e-02
4.395698302134988467e+00	2.687758179738604536e+00	9.755793785727949752e-01	3.920539846346533103e-02
4.405698302134988253e+00	2.697515925034553952e+00	9.759688067973556480e-01	3.868110622493643735e-02
4.415698302134988040e+00	2.707277538484034629e+00	9.763530178608486043e-01	3.816196303683179469e-02
4.425698302134987827e+00	2.717042968172565409e+00	9.767320631566339673e-01	3.764794939546255159e-02
4.435698302134987614e+00	2.726812162698616149e+00	9.771059938808037693e-01	3.713904535237579768e-02
4.445698302134987401e+00	2.736585071171611983e+00	9.774748610277779193e-01	3.663523052301533717e-02
4.455698302134987188e+00	2.746361643209897174e+00	9.778387153859863234e-01	3.613648409539501477e-02
4.465698302134986974e+00	2.756141828938651894e+00	9.781976075336380472e-01	3.564278483878158266e-02
4.475698302134986761e+00	2.765925578987769917e+00	9.785515878345772967e-01	3.515411111238442993e-02
4.485698302134986548e+00	2.775712844489695463e+00	9.789007064342262199e-01	3.467044087404914932e-02
4.495698302134986335e+00	2.785503577077217408e+00	9.792450132556149711e-01	3.419175168895229738e-02
4.505698302134986122e+00	2.795297728881227073e+00	9.795845579954983728e-01	3.371802073829450325e-02
4.515698302134985909e+00	2.805095252528436056e+00	9.799193901205593971e-01	3.324922482798921275e-02
4.525698302134985695e+00	2.814896101139057194e+00	9.802495588637001322e-01	3.278534039734436883e-02
4.535698302134985482e+00	2.824700228324447782e+00	9.805751132204184595e-01	3.232634352773440523e-02
4.545698302134985269e+00	2.834507588184718596e+00	9.808961019452729913e-01	3.187220995125986112e-02
4.555698302134985056e+00	2.844318135306306949e+00	9.812125735484324984e-01	3.142291505939209806e-02
4.565698302134984843e+00	2.854131824759516434e+00	9.815245762923135997e-01	3.097843391160054125e-02
4.575698302134984630e+00	2.863948612096020696e+00	9.818321581883032723e-01	3.053874124395994025e-02
4.585698302134984417e+00	2.873768453346340568e+00	9.821353669935681818e-01	3.010381147773516161e-02
4.595698302134984203e+00	2.883591305017283890e+00	9.824342502079491668e-01	2.967361872794113675e-02
4.605698302134983990e+00	2.893417124089356474e+00	9.827288550709415427e-01	2.924813681187552264e-02
4.615698302134983777e+00	2.903245868014146858e+00	9.830192285587604495e-01	2.882733925762172994e-02
4.625698302134983564e+00	2.913077494711676874e+00	9.833054173814912424e-01	2.841119931252006695e-02
4.635698302134983351e+00	2.922911962567726007e+00	9.835874679803239262e-01	2.799968995160467822e-02
4.645698302134983138e+00	2.932749230431131782e+00	9.838654265248725217e-01	2.759278388600406445e-02
4.655698302134982924e+00	2.942589257611057274e+00	9.841393389105775880e-01	2.719045357130303944e-02
4.665698302134982711e+00	2.952432003874239541e+00	9.844092507561924554e-01	2.679267121586393838e-02
4.675698302134982498e+00	2.962277429442209620e+00	9.846752074013525036e-01	2.639940878910504440e-02
4.685698302134982285e+00	2.972125494988489436e+00	9.849372539042270391e-01	2.601063802973412747e-02
4.695698302134982072e+00	2.981976161635765621e+00	9.851954350392526649e-01	2.562633045393512138e-02
4.705698302134981859e+00	2.991829390953041568e+00	9.854497952949495820e-01	2.524645736350598912e-02
4.715698302134981645e+00	3.001685144952766837e+00	9.857003788718173842e-01	2.487098985394583378e-02
4.725698302134981432e+00	3.011543386087948360e+00	9.859472296803128977e-01	2.449989882248941944e-02
4.735698302134981219e+00	3.021404077249238984e+00	9.861903913389072907e-01	2.413315497608724269e-02
4.745698302134981006e+00	3.031267181762007823e+00	9.864299071722225642e-01	2.377072883932941291e-02
4.755698302134980793e+00	3.041132663383394608e+00	9.866658202092478680e-01	2.341259076231158240e-02
4.765698302134980580e+00	3.051000486299343173e+00	9.868981731816331981e-01	2.305871092844124018e-02
4.775698302134980366e+00	3.060870615121620286e+00	9.871270085220616997e-01	2.270905936218275273e-02
4.785698302134980153e+00	3.070743014884818045e+00	9.873523683626983516e-01	2.236360593673953137e-02
4.795698302134979940e+00	3.080617651043341620e+00	9.875742945337157019e-01	2.202232038167178593e-02
4.805698302134979727e+00	3.090494489468382788e+00	9.877928285618950976e-01	2.168517229044837277e-02
4.815698302134979514e+00	3.100373496444877475e+00	9.880080116693032988e-01	2.135213112793125576e-02
4.825698302134979301e+00	3.110254638668453531e+00	9.882198847720436996e-01	2.102316623779119237e-02
4.835698302134979087e+00	3.120137883242366517e+00	9.884284884790810466e-01	2.069824684985327456e-02
4.845698302134978874e+00	3.130023197674419499e+00	9.886338630911393199e-01	2.037734208737099900e-02
4.855698302134978661e+00	3.139910549873878409e+00	9.888360485996724458e-01	2.006042097422758644e-02
4.865698302134978448e+00	3.149799908148372740e+00	9.890350846859059519e-01	1.974745244206334988e-02
4.875698302134978235e+00	3.159691241200790035e+00	9.892310107199497882e-01	1.943840533732790060e-02
4.885698302134978022e+00	3.169584518126159711e+00	9.894238657599818687e-01	1.913324842825607844e-02
4.895698302134977808e+00	3.179479708408529337e+00	9.896136885515000037e-01	1.883195041176649945e-02
4.905698302134977595e+00	3.189376781917836468e+00	9.898005175266428868e-01	1.853447992028166291e-02
4.915698302134977382e+00	3.199275708906769822e+00	9.899843908035793616e-01	1.824080552846866696e-02
4.925698302134977169e+00	3.209176460007604703e+00	9.901653461859615257e-01	1.795089575994595829e-02
4.935698302134976956e+00	3.219079006229070394e+00	9.903434211624465577e-01	1.766471909383559441e-02
4.945698302134976743e+00	3.228983318953285497e+00	9.905186529063013667e-01	1.738224397106815505e-02
4.955698302134976529e+00	3.238889369932480999e+00	9.906910782750310007e-01	1.710343880106365497e-02
4.965698302134976316e+00	3.248797131285875661e+00	9.908607338101022011e-01	1.682827196797825886e-02
4.975698302134976103e+00	3.258706575506504777e+00	9.910276557279315002e-01	1.655671183658400519e-02
4.985698302134975890e+00	3.268617675432939684e+00	9.911918799416997716e-01	1.628872675944559659e-02
4.995698302134975677e+00	3.278530404261311482e+00	9.913534420480751841e-01	1.602428508232744270e-02
5.005698302134975464e+00	3.288444735547192188e+00	9.915123773227823012e-01	1.576335514987680861e-02
5.015698302134975251e+00	3.298360643197324915e+00	9.916687207250124425e-01	1.550590531183605042e-02
5.025698302134975037e+00	3.308278101466461951e+00	9.918225068975037306e-01	1.525190392885542208e-02
5.035698302134974824e+00	3.318197084954201959e+00	9.919737701666794250e-01	1.500131937821839144e-02
5.045698302134974611e+00	3.328117568601826726e+00	9.921225445428419887e-01	1.475412005947856521e-02
5.055698302134974398e+00	3.338039527689141472e+00	9.922688637204242212e-01	1.451027440000767464e-02
5.065698302134974185e+00	3.347962937831317376e+00	9.924127610782942366e-01	1.426975086045428887e-02
5.075698302134973972e+00	3.357887774975738981e+00	9.925542696801156195e-01	1.403251794011294018e-02
5.085698302134973758e+00	3.367814015398851613e+00	9.926934222747598735e-01	1.379854418220332994e-02
5.095698302134973545e+00	3.377741635703018996e+00	9.928302512967720483e-01	1.356779817905941557e-02
5.105698302134973332e+00	3.387670612813379556e+00	9.929647888668873268e-01	1.334024857722811153e-02
5.115698302134973119e+00	3.397600923974712916e+00	9.930970667925984596e-01	1.311586408247747242e-02
5.125698302134972906e+00	3.407532546748309965e+00	9.932271165687722725e-01	1.289461346471417955e-02
5.135698302134972693e+00	3.417465459008850015e+00	9.933549693783154666e-01	1.267646556281025461e-02
5.145698302134972479e+00	3.427399638941283744e+00	9.934806560928880481e-01	1.246138928933891374e-02
5.155698302134972266e+00	3.437335065037726345e+00	9.936042072736637198e-01	1.224935363521953251e-02
5.165698302134972053e+00	3.447271716094356009e+00	9.937256531721361252e-01	1.204032767427171656e-02
5.175698302134971840e+00	3.457209571208319510e+00	9.938450237309698343e-01	1.183428056767852482e-02
5.185698302134971627e+00	3.467148609774651558e+00	9.939623485848967377e-01	1.163118156835889205e-02
5.195698302134971414e+00	3.477088811483196817e+00	9.940776570616542962e-01	1.143100002524936355e-02
5.205698302134971200e+00	3.487030156315547469e+00	9.941909781829666448e-01	1.123370538749526165e-02
5.215698302134970987e+00	3.496972624541987429e+00	9.943023406655677743e-01	1.103926720855146967e-02
5.225698302134970774e+00	3.506916196718446344e+00	9.944117729222644586e-01	1.084765515019298250e-02
5.235698302134970561e+00	3.516860853683467347e+00	9.945193030630389286e-01	1.065883898643549266e-02
5.245698302134970348e+00	3.526806576555184147e+00	9.946249588961909582e-01	1.047278860736624434e-02
5.255698302134970135e+00	3.536753346728310543e+00	9.947287679295171436e-01	1.028947402288542430e-02
5.265698302134969921e+00	3.546701145871139715e+00	9.948307573715272634e-01	1.010886536635842436e-02
5.275698302134969708e+00	3.556649955922559503e+00	9.949309541326970541e-01	9.930932898179287843e-03
5.285698302134969495e+00	3.566599759089077004e+00	9.950293848267555141e-01	9.755647009245740561e-03
5.295698302134969282e+00	3.576550537841858723e+00	9.951260757720076233e-01	9.582978224346143034e-03
5.305698302134969069e+00	3.586502274913783594e+00	9.952210529926892590e-01	9.412897205458842578e-03
5.315698302134968856e+00	3.596454953296507107e+00	9.953143422203554191e-01	9.245374754964312200e-03
5.325698302134968642e+00	3.606408556237543639e+00	9.954059688953000862e-01	9.080381818770581065e-03
5.335698302134968429e+00	3.616363067237359452e+00	9.954959581680064007e-01	8.917889489352428395e-03
5.345698302134968216e+00	3.626318470046483444e+00	9.955843349006274767e-01	8.757869008704862943e-03
5.355698302134968003e+00	3.636274748662630341e+00	9.956711236684959720e-01	8.600291771211413666e-03
5.365698302134967790e+00	3.646231887327840315e+00	9.957563487616618580e-01	8.445129326427809266e-03
5.375698302134967577e+00	3.656189870525635044e+00	9.958400341864578342e-01	8.292353381781599961e-03
5.385698302134967363e+00	3.666148682978186635e+00	9.959222036670911660e-01	8.141935805188346004e-03
5.395698302134967150e+00	3.676108309643505656e+00	9.960028806472610574e-01	7.993848627584988764e-03
5.405698302134966937e+00	3.686068735712644262e+00	9.960820882918016705e-01	7.848064045381032347e-03
5.415698302134966724e+00	3.696029946606915306e+00	9.961598494883483479e-01	7.704554422828200147e-03
5.425698302134966511e+00	3.705991927975128775e+00	9.962361868490278161e-01	7.563292294309264564e-03
5.435698302134966298e+00	3.715954665690845982e+00	9.963111227121703717e-01	7.424250366546709078e-03
5.445698302134966085e+00	3.725918145849650198e+00	9.963846791440441608e-01	7.287401520731965135e-03
5.455698302134965871e+00	3.735882354766433266e+00	9.964568779406101084e-01	7.152718814575934232e-03
5.465698302134965658e+00	3.745847278972703087e+00	9.965277406292970541e-01	7.020175484281554121e-03
5.475698302134965445e+00	3.755812905213906205e+00	9.965972884707962054e-01	6.889744946439155075e-03
5.485698302134965232e+00	3.765779220446770825e+00	9.966655424608742431e-01	6.761400799845387714e-03
5.495698302134965019e+00	3.775746211836665367e+00	9.967325233322041900e-01	6.635116827246515143e-03
5.505698302134964806e+00	3.785713866754977008e+00	9.967982515562130441e-01	6.510866997006863055e-03
5.515698302134964592e+00	3.795682172776509322e+00	9.968627473449461762e-01	6.388625464703240504e-03
5.525698302134964379e+00	3.805651117676895900e+00	9.969260306529473814e-01	6.268366574646174437e-03
5.535698302134964166e+00	3.815620689430037960e+00	9.969881211791530307e-01	6.150064861328775022e-03
5.545698302134963953e+00	3.825590876205554824e+00	9.970490383688010994e-01	6.033695050804097418e-03
5.555698302134963740e+00	3.835561666366258393e+00	9.971088014153534074e-01	5.919232061991854324e-03
5.565698302134963527e+00	3.845533048465643589e+00	9.971674292624305158e-01	5.806651007915347544e-03
5.575698302134963313e+00	3.855505011245401015e+00	9.972249406057585031e-01	5.695927196869502405e-03
5.585698302134963100e+00	3.865477543632946933e+00	9.972813538951272871e-01	5.587036133520890610e-03
5.595698302134962887e+00	3.875450634738974109e+00	9.973366873363598284e-01	5.479953519940640103e-03
5.605698302134962674e+00	3.885424273855022648e+00	9.973909588932906578e-01	5.374655256571133147e-03
5.615698302134962461e+00	3.895398450451068140e+00	9.974441862897542865e-01	5.271117443127408542e-03
5.625698302134962248e+00	3.905373154173133798e+00	9.974963870115823861e-01	5.169316379434186516e-03
5.635698302134962034e+00	3.915348374840918577e+00	9.975475783086087400e-01	5.069228566199433968e-03
5.645698302134961821e+00	3.925324102445448826e+00	9.975977771966813012e-01	4.970830705725409401e-03
5.655698302134961608e+00	3.935300327146748156e+00	9.976470004596819097e-01	4.874099702558119113e-03
5.665698302134961395e+00	3.945277039271526398e+00	9.976952646515515610e-01	4.779012664076122234e-03
5.675698302134961182e+00	3.955254229310892988e+00	9.977425860983212269e-01	4.685546901019637007e-03
5.685698302134960969e+00	3.965231887918085896e+00	9.977889809001482258e-01	4.593679927960885902e-03
5.695698302134960755e+00	3.975210005906224087e+00	9.978344649333563687e-01	4.503389463716640610e-03
5.705698302134960542e+00	3.985188574246078197e+00	9.978790538524804354e-01	4.414653431703914957e-03
5.715698302134960329e+00	3.995167584063864741e+00	9.979227630923135361e-01	4.327449960239764144e-03
5.725698302134960116e+00	4.005147026639057195e+00	9.979656078699574717e-01	4.241757382786154849e-03
5.735698302134959903e+00	4.015126893402221953e+00	9.980076031868753139e-01	4.157554238140848991e-03
5.745698302134959690e+00	4.025107175932868486e+00	9.980487638309453180e-01	4.074819270575286492e-03
5.755698302134959476e+00	4.035087865957325270e+00	9.980891043785159455e-01	3.993531429920407251e-03
5.765698302134959263e+00	4.045068955346637907e+00	9.981286391964622196e-01	3.913669871601385512e-03
5.775698302134959050e+00	4.055050436114480128e+00	9.981673824442411913e-01	3.835213956622234195e-03
5.785698302134958837e+00	4.065032300415090560e+00	9.982053480759475184e-01	3.758143251501241087e-03
5.795698302134958624e+00	4.075014540541232577e+00	9.982425498423682653e-01	3.682437528158197942e-03
5.805698302134958411e+00	4.084997148922169252e+00	9.982790012930360390e-01	3.608076763754376574e-03
5.815698302134958197e+00	4.094980118121660517e+00	9.983147157782803482e-01	3.535041140486214727e-03
5.825698302134957984e+00	4.104963440835981636e+00	9.983497064512766306e-01	3.463311045333661038e-03
5.835698302134957771e+00	4.114947109891963883e+00	9.983839862700931711e-01	3.392867069764134505e-03
5.845698302134957558e+00	4.124931118245050321e+00	9.984175679997336905e-01	3.323690009393043439e-03
5.855698302134957345e+00	4.134915458977379110e+00	9.984504642141772690e-01	3.255760863601817132e-03
5.865698302134957132e+00	4.144900125295880144e+00	9.984826872984137180e-01	3.189060835114384401e-03
5.875698302134956919e+00	4.154885110530397441e+00	9.985142494504751776e-01	3.123571329533043547e-03
5.885698302134956705e+00	4.164870408131829294e+00	9.985451626834619399e-01	3.059273954834654859e-03
5.895698302134956492e+00	4.174856011670287970e+00	9.985754388275637217e-01	2.996150520828086763e-03
5.905698302134956279e+00	4.184841914833282495e+00	9.986050895320749410e-01	2.934183038573843268e-03
5.915698302134956066e+00	4.194828111423917427e+00	9.986341262674044428e-01	2.873353719766787336e-03
5.925698302134955853e+00	4.204814595359116502e+00	9.986625603270784524e-01	2.813644976082881315e-03
5.935698302134955640e+00	4.214801360667861374e+00	9.986904028297369784e-01	2.755039418490848237e-03
5.945698302134955426e+00	4.224788401489454337e+00	9.987176647211231106e-01	2.697519856529660351e-03
5.955698302134955213e+00	4.234775712071800591e+00	9.987443567760649898e-01	2.641069297552754800e-03
5.965698302134955000e+00	4.244763286769705601e+00	9.987704896004502286e-01	2.585670945939858544e-03
5.975698302134954787e+00	4.254751120043197332e+00	9.987960736331920053e-01	2.531308202277317201e-03
5.985698302134954574e+00	4.264739206455865350e+00	9.988211191481867202e-01	2.477964662507799957e-03
5.995698302134954361e+00	4.274727540673223025e+00	9.988456362562631030e-01	2.425624117050249624e-03
6.000000000000000000e+00	4.279024295188092353e+00	9.988560227211903397e-01	2.403413323450450095e-03
